CONCEPT_ID,CONCEPT_NAME,DOMAIN_ID,VOCABULARY_ID,CONCEPT_CLASS_ID,STANDARD_CONCEPT,CONCEPT_CODE,VALID_START_DATE,VALID_END_DATE,INVALID_REASON
35208414,"Gastrointestinal hemorrhage, unspecified",Condition,ICD10CM,4-char billing code,,K92.2,2007-01-01,2099-12-31,
1118088,celecoxib 200 MG Oral Capsule [Celebrex],Drug,RxNorm,Branded Drug,S,213469,1970-01-01,2099-12-31,
40213201,"pneumococcal polysaccharide vaccine, 23 valent",Drug,CVX,CVX,S,33,2008-12-01,2099-12-31,
1557272,Alendronate,Drug,RxNorm,Ingredient,S,46041,1970-01-01,2099-12-31,
4336464,Coronary artery bypass graft,Procedure,SNOMED,Procedure,S,232717009,1970-01-01,2099-12-31,
4295880,Intramuscular injection,Procedure,SNOMED,Procedure,S,76601001,1970-01-01,2099-12-31,
3020630,Protein serum/plasma,Measurement,LOINC,Lab Test,S,2885-2,1970-01-01,2099-12-31,
19129655,Ampicillin 100 MG/ML Injectable Solution,Drug,RxNorm,Clinical Drug,S,789980,2008-03-30,2099-12-31,
44923712,celecoxib 200 MG Oral Capsule [Celebrex],Drug,NDC,11-digit NDC,,00025152531,2000-01-01,2099-12-31,
1569708,Other diseases of digestive system,Condition,ICD10CM,3-char nonbill code,,K92,2012-01-01,2099-12-31,
40213216,"rotavirus, live, monovalent vaccine",Drug,CVX,CVX,S,119,2008-12-01,2099-12-31,
708298,Midazolam,Drug,RxNorm,Ingredient,S,6960,1970-01-01,2099-12-31,
4301346,Surgical manipulation of shoulder joint,Procedure,SNOMED,Procedure,S,387685009,1970-01-01,2099-12-31,
4246502,Neonatal screening,Procedure,SNOMED,Procedure,S,60151004,1970-01-01,2099-12-31,
3020655,Honey bee IgE Ab [Units/volume] in Serum,Measurement,LOINC,Lab Test,S,6844-5,1970-01-01,2099-12-31,
4116491,Escherichia coli urinary tract infection,Condition,SNOMED,Clinical Finding,S,301011002,1970-01-01,2099-12-31,
45011828,Diclofenac Sodium 75 MG Delayed Release Oral Tablet,Drug,NDC,11-digit NDC,,00781178901,2000-01-01,2099-12-31,
40162359,Diclofenac Sodium 75 MG Delayed Release Oral Tablet,Drug,RxNorm,Clinical Drug,S,855926,2009-08-02,2099-12-31,
40213227,"tetanus and diphtheria toxoids, adsorbed, preservative free, for adult use",Drug,CVX,CVX,S,113,2008-12-01,2099-12-31,
701322,Memantine,Drug,RxNorm,Ingredient,S,6719,1970-01-01,2099-12-31,
3002385,Erythrocyte distribution width [Ratio],Measurement,LOINC,Lab Test,S,30385-9,1970-01-01,2099-12-31,
4199276,Removal of subcutaneous contraceptive,Procedure,SNOMED,Procedure,S,301807007,1970-01-01,2099-12-31,
3005136,Cladosporium herbarum IgE Ab [Units/volume] in Serum,Measurement,LOINC,Lab Test,S,6075-6,1970-01-01,2099-12-31,
4113008,Laceration of hand,Condition,SNOMED,Clinical Finding,S,284549007,1970-01-01,2099-12-31,
40213230,"tetanus toxoid, reduced diphtheria toxoid, and acellular pertussis vaccine, adsorbed",Drug,CVX,CVX,S,115,2008-12-01,2099-12-31,
723013,Diazepam,Drug,RxNorm,Ingredient,S,3322,1970-01-01,2099-12-31,
3001247,Common Ragweed IgE Ab [Units/volume] in Serum,Measurement,LOINC,Lab Test,S,6085-5,1970-01-01,2099-12-31,
4234705,Evaluation of psychiatric state of patient,Procedure,SNOMED,Procedure,S,90407005,1970-01-01,2099-12-31,
3004501,Glucose lab,Measurement,LOINC,Lab Test,S,2345-7,1970-01-01,2099-12-31,
4156265,Facial laceration,Condition,SNOMED,Clinical Finding,S,370247008,1970-01-01,2099-12-31,
40213160,"poliovirus vaccine, inactivated",Drug,CVX,CVX,S,10,2008-12-01,2099-12-31,
1129625,Diphenhydramine,Drug,RxNorm,Ingredient,S,3498,1970-01-01,2099-12-31,
3036780,American house dust mite IgE Ab [Units/volume] in Serum,Measurement,LOINC,Lab Test,S,6095-4,1970-01-01,2099-12-31,
4238715,Removal of intrauterine device,Procedure,SNOMED,Procedure,S,68254000,1970-01-01,2099-12-31,
3006734,White Oak IgE Ab [Units/volume] in Serum,Measurement,LOINC,Lab Test,S,6189-5,1970-01-01,2099-12-31,
4155034,Laceration of forearm,Condition,SNOMED,Clinical Finding,S,283371005,1970-01-01,2099-12-31,
40213180,"meningococcal polysaccharide (groups A, C, Y and W-135) diphtheria toxoid conjugate vaccine (MCV4P)",Drug,CVX,CVX,S,114,2008-12-01,2099-12-31,
1149196,Cetirizine,Drug,RxNorm,Ingredient,S,20610,1970-01-01,2099-12-31,
3006451,Walnut IgE Ab [Units/volume] in Serum,Measurement,LOINC,Lab Test,S,6273-7,1970-01-01,2099-12-31,
4198190,Appendectomy,Procedure,SNOMED,Procedure,S,80146002,1970-01-01,2099-12-31,
3027970,Globulin [Mass/volume] in Serum by calculation,Measurement,LOINC,Lab Test,S,10834-0,1970-01-01,2099-12-31,
4109685,Laceration of foot,Condition,SNOMED,Clinical Finding,S,284551006,1970-01-01,2099-12-31,
40213251,varicella virus vaccine,Drug,CVX,CVX,S,21,2008-12-01,2099-12-31,
1149380,fluticasone,Drug,RxNorm,Ingredient,S,41126,1970-01-01,2099-12-31,
3006923,Alanine aminotransferase serum/plasma,Measurement,LOINC,Lab Test,S,1742-6,1970-01-01,2099-12-31,
4202832,Intubation,Procedure,SNOMED,Procedure,S,52765003,1970-01-01,2099-12-31,
3023103,Potassium serum/plasma,Measurement,LOINC,Lab Test,S,2823-3,1970-01-01,2099-12-31,
4048169,Allergy to house dust mite,Observation,SNOMED,Clinical Finding,S,232350006,1970-01-01,2099-12-31,
40213260,"zoster vaccine, live",Drug,CVX,CVX,S,121,2008-12-01,2099-12-31,
1150770,Astemizole,Drug,RxNorm,Ingredient,S,42328,1970-01-01,2099-12-31,
3007461,Platelet count,Measurement,LOINC,Lab Test,S,26515-7,1970-01-01,2099-12-31,
4151422,Sputum examination,Procedure,SNOMED,Procedure,S,269911007,1970-01-01,2099-12-31,
3023430,Cat dander IgE Ab [Units/volume] in Serum,Measurement,LOINC,Lab Test,S,6833-8,1970-01-01,2099-12-31,
4240902,Allergy to peanuts,Observation,SNOMED,Clinical Finding,S,91935009,1970-01-01,2099-12-31,
40213281,"diphtheria, tetanus toxoids and acellular pertussis vaccine",Drug,CVX,CVX,S,20,2008-12-01,2099-12-31,
1150836,Terfenadine,Drug,RxNorm,Ingredient,S,42330,1970-01-01,2099-12-31,
3008598,Thyroxine (T4) free [Mass/volume] in Serum or Plasma,Measurement,LOINC,Lab Test,S,3024-7,1970-01-01,2099-12-31,
4163872,Plain chest X-ray,Procedure,SNOMED,Procedure,S,399208008,1970-01-01,2099-12-31,
3027231,Wheat IgE Ab [Units/volume] in Serum,Measurement,LOINC,Lab Test,S,6276-0,1970-01-01,2099-12-31,
4052083,Measurement of respiratory function,Measurement,SNOMED,Procedure,S,23426006,1970-01-01,2099-12-31,
40213296,"hepatitis A vaccine, adult dosage",Drug,CVX,CVX,S,52,2008-12-01,2099-12-31,
1124300,Diclofenac,Drug,RxNorm,Ingredient,S,3355,1970-01-01,2099-12-31,
3009201,Thyrotropin [Units/volume] in Serum or Plasma,Measurement,LOINC,Lab Test,S,3016-3,1970-01-01,2099-12-31,
4163951,Electrocardiographic procedure,Procedure,SNOMED,Procedure,S,29303009,1970-01-01,2099-12-31,
3026361,Red blood cell (RBC) count,Measurement,LOINC,Lab Test,S,26453-1,1970-01-01,2099-12-31,
4012477,Glucose tolerance test,Measurement,SNOMED,Procedure,S,113076002,1970-01-01,2099-12-31,
40213299,"hepatitis A vaccine, pediatric/adolescent dosage, 2 dose schedule",Drug,CVX,CVX,S,83,2008-12-01,2099-12-31,
1153428,fexofenadine,Drug,RxNorm,Ingredient,S,87636,1970-01-01,2099-12-31,
3009542,Hematocrit,Measurement,LOINC,Lab Test,S,20570-8,1970-01-01,2099-12-31,
4163971,Laparoscopic cholecystectomy,Procedure,SNOMED,Procedure,S,45595009,1970-01-01,2099-12-31,
3024731,MCV,Measurement,LOINC,Lab Test,S,30428-7,1970-01-01,2099-12-31,
4047491,Radiography of humerus,Procedure,SNOMED,Procedure,S,1225002,1970-01-01,2099-12-31,
40213306,"hepatitis B vaccine, adult dosage",Drug,CVX,CVX,S,43,2008-12-01,2099-12-31,
1107830,Loratadine,Drug,RxNorm,Ingredient,S,28889,1970-01-01,2099-12-31,
3010813,White Blood cell (WBC) count (leukocyte),Measurement,LOINC,Lab Test,S,26464-8,1970-01-01,2099-12-31,
4094814,Bullet wound,Condition,SNOMED,Clinical Finding,S,262574004,1970-01-01,2099-12-31,
3024561,Albumin serum/plasma,Measurement,LOINC,Lab Test,S,1751-7,1970-01-01,2099-12-31,
4078793,Direct current cardioversion,Procedure,SNOMED,Procedure,S,180325003,1970-01-01,2099-12-31,
40213314,"Haemophilus influenzae type b vaccine, PRP-OMP conjugate",Drug,CVX,CVX,S,49,2008-12-01,2099-12-31,
1110410,Morphine,Drug,RxNorm,Ingredient,S,7052,1970-01-01,2099-12-31,
3012494,Peanut IgE Ab [Units/volume] in Serum,Measurement,LOINC,Lab Test,S,6206-7,1970-01-01,2099-12-31,
4048695,Fracture of vertebral column without spinal cord injury,Condition,SNOMED,Clinical Finding,S,15724005,1970-01-01,2099-12-31,
40486433,Perennial allergic rhinitis,Condition,SNOMED,Clinical Finding,S,446096008,2011-01-31,2099-12-31,
4043071,Cognitive and behavioral therapy,Procedure,SNOMED,Procedure,S,228557008,1970-01-01,2099-12-31,
40213320,"human papilloma virus vaccine, quadrivalent",Drug,CVX,CVX,S,62,2008-12-01,2099-12-31,
1115008,Naproxen,Drug,RxNorm,Ingredient,S,7258,1970-01-01,2099-12-31,
3013682,Urea nitrogen serum/plasma,Measurement,LOINC,Lab Test,S,3094-0,1970-01-01,2099-12-31,
4051466,Childhood asthma,Condition,SNOMED,Clinical Finding,S,233678006,1970-01-01,2099-12-31,
40769179,Percentage area affected by eczema Head and Neck [PhenX],Measurement,LOINC,Clinical Observation,S,66519-0,2011-06-17,2099-12-31,
4037675,Brief general examination,Procedure,SNOMED,Procedure,S,162676008,1970-01-01,2099-12-31,
40213198,"pneumococcal conjugate vaccine, 13 valent",Drug,CVX,CVX,S,133,2009-10-15,2099-12-31,
753626,Propofol,Drug,RxNorm,Ingredient,S,8782,1970-01-01,2099-12-31,
3011505,FEV1/FVC,Measurement,LOINC,Clinical Observation,S,19926-5,1970-01-01,2099-12-31,
4142905,Fracture of rib,Condition,SNOMED,Clinical Finding,S,33737001,1970-01-01,2099-12-31,
40769184,Percentage area affected by eczema Upper extremity - bilateral [PhenX],Measurement,LOINC,Clinical Observation,S,66524-0,2011-06-17,2099-12-31,
4275113,Insertion of intrauterine contraceptive device,Procedure,SNOMED,Procedure,S,65200003,1970-01-01,2099-12-31,
40213154,"Influenza, seasonal, injectable, preservative free",Drug,CVX,CVX,S,140,2011-11-04,2099-12-31,
1728416,Penicillin G,Drug,RxNorm,Ingredient,S,7980,1970-01-01,2099-12-31,
933724,Phenazopyridine,Drug,RxNorm,Ingredient,S,8120,1970-01-01,2099-12-31,
4144583,Diabetes mellitus due to cystic fibrosis,Condition,SNOMED,Clinical Finding,S,427089005,1970-01-01,2099-12-31,
40769189,Percentage area affected by eczema Trunk [PhenX],Measurement,LOINC,Clinical Observation,S,66529-9,2011-06-17,2099-12-31,
4108705,Intravenous blood transfusion of packed cells,Procedure,SNOMED,Procedure,S,180207008,1970-01-01,2099-12-31,
42902245,{5 (Ethinyl Estradiol 0.02 MG / norethindrone acetate 1 MG Oral Tablet) / 7 (Ethinyl Estradiol 0.03 MG / norethindrone acetate 1 MG Oral Tablet) / 9 (Ethinyl Estradiol 0.035 MG / norethindrone acetate 1 MG Oral Tablet) / 7 (Ferrous fumarate 75 MG Oral Tab,Drug,RxNorm,Branded Pack,S,1359133,2012-12-03,2099-12-31,
738818,Doxylamine,Drug,RxNorm,Ingredient,S,3642,1970-01-01,2099-12-31,
926487,Pancreatin,Drug,RxNorm,Ingredient,S,7880,1970-01-01,2099-12-31,
4296204,First degree burn,Condition,SNOMED,Clinical Finding,S,403190006,1970-01-01,2099-12-31,
40769194,Percentage area affected by eczema Lower extremity - bilateral [PhenX],Measurement,LOINC,Clinical Observation,S,66534-9,2011-06-17,2099-12-31,
4242997,Cholecystectomy,Procedure,SNOMED,Procedure,S,38102005,1970-01-01,2099-12-31,
40221415,{5 (dienogest 2 MG / estradiol valerate 2 MG Oral Tablet) / 17 (dienogest 3 MG / estradiol valerate 2 MG Oral Tablet) / 2 (estradiol valerate 1 MG Oral Tablet) / 2 (estradiol valerate 3 MG Oral Tablet) / 2 (Inert Ingredients 1 MG Oral Tablet) } Pack [Nata,Drug,RxNorm,Branded Pack,S,978950,2010-06-06,2099-12-31,
1124957,Oxycodone,Drug,RxNorm,Ingredient,S,7804,1970-01-01,2099-12-31,
1102527,Meperidine,Drug,RxNorm,Ingredient,S,6754,1970-01-01,2099-12-31,
4296205,Second degree burn,Condition,SNOMED,Clinical Finding,S,403191005,1970-01-01,2099-12-31,
3035995,Alkaline phosphatase serum/plasma,Measurement,LOINC,Lab Test,S,6768-6,1996-08-15,2099-12-31,
4293740,Injection of tetanus antitoxin,Procedure,SNOMED,Procedure,S,384700001,1970-01-01,2099-12-31,
43012433,21 DAY Ethinyl Estradiol 0.000625 MG/HR / Etonogestrel 0.005 MG/HR Vaginal Ring [NuvaRing],Drug,RxNorm,Quant Branded Drug,S,1367439,2013-02-04,2099-12-31,
1125315,Acetaminophen,Drug,RxNorm,Ingredient,S,161,1970-01-01,2099-12-31,
782043,Isoflurane,Drug,RxNorm,Ingredient,S,6026,1970-01-01,2099-12-31,
4294548,Acute bacterial sinusitis,Condition,SNOMED,Clinical Finding,S,75498004,1970-01-01,2099-12-31,
1310034,3 ML Amiodarone hydrochloride 50 MG/ML Prefilled Syringe,Drug,RxNorm,Quant Clinical Drug,S,834357,2009-03-01,2099-12-31,
4243062,Radiography of wrist,Procedure,SNOMED,Procedure,S,60027007,1970-01-01,2099-12-31,
40169216,120 ACTUAT Fluticasone propionate 0.044 MG/ACTUAT Metered Dose Inhaler,Drug,RxNorm,Quant Clinical Drug,S,895994,2010-01-31,2099-12-31,
1125443,Dornase Alfa,Drug,RxNorm,Ingredient,S,337623,1970-01-01,2099-12-31,
791967,Lorazepam,Drug,RxNorm,Ingredient,S,6470,1970-01-01,2099-12-31,
4278672,Fracture of forearm,Condition,SNOMED,Clinical Finding,S,65966004,1970-01-01,2099-12-31,
40173590,Alendronic acid 10 MG Oral Tablet,Drug,RxNorm,Clinical Drug,S,904419,2010-04-04,2099-12-31,
4117038,Bilateral tubal ligation,Procedure,SNOMED,Procedure,S,287664005,1970-01-01,2099-12-31,
40243436,1 ML Atropine Sulfate 1 MG/ML Injection,Drug,RxNorm,Quant Clinical Drug,S,1190795,2011-11-06,2099-12-31,
1118084,celecoxib,Drug,RxNorm,Ingredient,S,140587,1970-01-01,2099-12-31,
920293,Nitrofurantoin,Drug,RxNorm,Ingredient,S,7454,1970-01-01,2099-12-31,
4237458,Fracture of clavicle,Condition,SNOMED,Clinical Finding,S,58150001,1970-01-01,2099-12-31,
42707627,rocuronium bromide 10 MG/ML Injectable Solution,Drug,RxNorm,Clinical Drug,S,1234995,2012-05-07,2099-12-31,
4107731,Subcutaneous immunotherapy,Procedure,SNOMED,Procedure,S,180256009,1970-01-01,2099-12-31,
40224132,0.65 ML medroxyprogesterone acetate 160 MG/ML Prefilled Syringe,Drug,RxNorm,Quant Clinical Drug,S,1000156,2010-09-05,2099-12-31,
1119510,Dextromethorphan,Drug,RxNorm,Ingredient,S,3289,1970-01-01,2099-12-31,
19010482,Cyclosporine,Drug,RxNorm,Ingredient,S,3008,1970-01-01,2099-12-31,
4283893,Sinusitis,Condition,SNOMED,Clinical Finding,S,36971009,1970-01-01,2099-12-31,
4216130,Percutaneous coronary intervention,Procedure,SNOMED,Procedure,S,415070008,1970-01-01,2099-12-31,
4218389,Whiplash injury to neck,Condition,SNOMED,Clinical Finding,S,39848009,1970-01-01,2099-12-31,
40224805,1 ML medroxyprogesterone acetate 150 MG/ML Injection,Drug,RxNorm,Quant Clinical Drug,S,1000126,2010-09-05,2099-12-31,
1137529,salmeterol,Drug,RxNorm,Ingredient,S,36117,1970-01-01,2099-12-31,
19078219,Sufentanil,Drug,RxNorm,Ingredient,S,56795,1970-01-01,2099-12-31,
4280726,Seasonal allergic rhinitis,Condition,SNOMED,Clinical Finding,S,367498001,1970-01-01,2099-12-31,
4306014,Allergy to tree pollen,Observation,SNOMED,Clinical Finding,S,419263009,1970-01-01,2099-12-31,
4310024,Angiodysplasia of stomach,Condition,SNOMED,Clinical Finding,S,424802006,1970-01-01,2099-12-31,
1154615,200 ACTUAT Albuterol 0.09 MG/ACTUAT Metered Dose Inhaler,Drug,RxNorm,Quant Clinical Drug,S,745679,2007-12-30,2099-12-31,
757627,Galantamine,Drug,RxNorm,Ingredient,S,4637,1970-01-01,2099-12-31,
19054876,dienogest,Drug,RxNorm,Ingredient,S,22968,1970-01-01,2099-12-31,
4285898,Polyp of colon,Condition,SNOMED,Clinical Finding,S,68496003,1970-01-01,2099-12-31,
19133679,{28 (Norethindrone 0.35 MG Oral Tablet) } Pack [Errin 28 Day],Drug,RxNorm,Branded Pack,S,831533,2009-03-01,2099-12-31,
4146173,Injury of tendon of the rotator cuff of shoulder,Condition,SNOMED,Clinical Finding,S,307731004,1970-01-01,2099-12-31,
40220386,100 ML Propofol 10 MG/ML Injection,Drug,RxNorm,Quant Clinical Drug,S,1808217,2016-10-03,2099-12-31,
740275,Carbamazepine,Drug,RxNorm,Ingredient,S,2002,1970-01-01,2099-12-31,
19074841,12 HR Cefaclor 500 MG Extended Release Oral Tablet,Drug,RxNorm,Quant Clinical Drug,S,309043,1970-01-01,2099-12-31,
4149245,Rupture of patellar tendon,Condition,SNOMED,Clinical Finding,S,30832001,1970-01-01,2099-12-31,
44805732,Reinsertion of subcutaneous contraceptive,Procedure,SNOMED,Procedure,S,755621000000101,2014-04-01,2099-12-31,
4266809,Diverticular disease,Condition,SNOMED,Clinical Finding,S,397881000,1970-01-01,2099-12-31,
40223774,Donepezil hydrochloride 23 MG [Aricept],Drug,RxNorm,Branded Drug Comp,S,998582,2010-08-01,2099-12-31,
1154029,Fentanyl,Drug,RxNorm,Ingredient,S,4337,1970-01-01,2099-12-31,
1127078,Acetaminophen 160 MG Oral Tablet,Drug,RxNorm,Clinical Drug,S,282464,1970-01-01,2099-12-31,
4152936,Laceration of thigh,Condition,SNOMED,Clinical Finding,S,283385000,1970-01-01,2099-12-31,
42535580,"Ultrasonography of abdomen, right upper quadrant and epigastrium",Procedure,SNOMED,Procedure,S,426701000119108,2018-01-31,2099-12-31,
4230399,Closed fracture of hip,Condition,SNOMED,Clinical Finding,S,359817006,1970-01-01,2099-12-31,
40171902,Verapamil hydrochloride 40 MG,Drug,RxNorm,Clinical Drug Comp,S,897718,2010-02-28,2099-12-31,
1154343,Albuterol,Drug,RxNorm,Ingredient,S,435,1970-01-01,2099-12-31,
1127433,Acetaminophen 325 MG Oral Tablet,Drug,RxNorm,Clinical Drug,S,313782,1970-01-01,2099-12-31,
4166224,Rupture of appendix,Condition,SNOMED,Clinical Finding,S,47693006,1970-01-01,2099-12-31,
21494966,Physical findings of Abdomen by Palpation,Measurement,LOINC,Clinical Observation,S,80271-0,2016-06-24,2099-12-31,
4304110,Allergy to mold,Observation,SNOMED,Clinical Finding,S,419474003,1970-01-01,2099-12-31,
1718412,Levonorgestrel 0.000729 MG/HR Intrauterine System [Kyleena],Drug,RxNorm,Branded Drug,S,1856546,2017-01-03,2099-12-31,
9201,Inpatient Visit,Visit,Visit,Visit,S,IP,1970-01-01,2099-12-31,
920300,Nitrofurantoin 5 MG/ML Oral Suspension,Drug,RxNorm,Clinical Drug,S,311989,1970-01-01,2099-12-31,
3014599,Egg white IgE Ab [Units/volume] in Serum,Measurement,LOINC,Lab Test,S,6106-9,1970-01-01,2099-12-31,
45769019,Female infertility due to cystic fibrosis,Condition,SNOMED,Clinical Finding,S,707577004,2015-01-31,2099-12-31,
4169137,Allergy to wheat,Observation,SNOMED,Clinical Finding,S,420174000,1970-01-01,2099-12-31,
40174880,Levothyroxine Sodium 0.075 MG Oral Tablet,Drug,RxNorm,Clinical Drug,S,966222,2010-04-04,2099-12-31,
9202,Outpatient Visit,Visit,Visit,Visit,S,OP,1970-01-01,2099-12-31,
920334,"NITROFURANTOIN, MACROCRYSTALS 50 MG Oral Capsule",Drug,RxNorm,Clinical Drug,S,311995,1970-01-01,2099-12-31,
1332419,Amlodipine 5 MG Oral Tablet,Drug,RxNorm,Clinical Drug,S,197361,1970-01-01,2099-12-31,
45766064,History of single seizure,Observation,SNOMED,Context-dependent,S,703151001,2015-01-31,2099-12-31,
4219399,Allergy to fish,Observation,SNOMED,Clinical Finding,S,417532002,1970-01-01,2099-12-31,
40222846,Memantine hydrochloride 2 MG/ML Oral Solution,Drug,RxNorm,Clinical Drug,S,996740,2010-07-04,2099-12-31,
9203,Emergency Room Visit,Visit,Visit,Visit,S,ER,1970-01-01,2099-12-31,
19019273,Naproxen 500 MG Oral Tablet,Drug,RxNorm,Clinical Drug,S,198014,1970-01-01,2099-12-31,
19057271,Lorazepam 2 MG/ML Injectable Solution,Drug,RxNorm,Clinical Drug,S,238100,1970-01-01,2099-12-31,
46221626,Levonorgestrel 0.000813 MG/HR Intrauterine System [Liletta],Drug,RxNorm,Branded Drug,S,1605257,2015-05-04,2099-12-31,
4314290,Cystic fibrosis sweat test,Measurement,SNOMED,Procedure,S,86964003,1970-01-01,2099-12-31,
40223768,Donepezil hydrochloride 10 MG Oral Tablet,Drug,RxNorm,Clinical Drug,S,997223,2010-08-01,2099-12-31,
0,No matching concept,Metadata,None,Undefined,,No matching concept,1970-01-01,2099-12-31,
19007333,Methotrexate 10 MG Oral Tablet,Drug,RxNorm,Clinical Drug,S,105586,1970-01-01,2099-12-31,
1589505,Levonorgestrel,Drug,RxNorm,Ingredient,S,6373,1970-01-01,2099-12-31,
45892894,24 HR Donepezil hydrochloride 10 MG / Memantine hydrochloride 28 MG Extended Release Oral Capsule,Drug,RxNorm,Quant Clinical Drug,S,1599803,2015-03-02,2099-12-31,
4133840,Spirometry,Measurement,SNOMED,Procedure,S,127783003,1970-01-01,2099-12-31,
40223821,Fexofenadine hydrochloride 30 MG Oral Tablet,Drug,RxNorm,Clinical Drug,S,997488,2010-08-01,2099-12-31,
433644,Shellfish allergy,Observation,SNOMED,Clinical Finding,S,300913006,1970-01-01,2099-12-31,
19019979,Ibuprofen 100 MG Oral Tablet,Drug,RxNorm,Clinical Drug,S,198405,1970-01-01,2099-12-31,
705944,Methylphenidate,Drug,RxNorm,Ingredient,S,6901,1970-01-01,2099-12-31,
19112599,Chlorpheniramine Maleate 2 MG/ML Oral Solution,Drug,RxNorm,Clinical Drug,S,477045,1970-01-01,2099-12-31,
4252419,Radiologic examination of knee,Procedure,SNOMED,Procedure,S,74016001,1970-01-01,2099-12-31,
40223834,Fexofenadine hydrochloride 60 MG Oral Tablet,Drug,RxNorm,Clinical Drug,S,997501,2010-08-01,2099-12-31,
442116,Allergy to eggs,Observation,SNOMED,Clinical Finding,S,91930004,1970-01-01,2099-12-31,
19074843,Cefaclor 250 MG Oral Capsule,Drug,RxNorm,Clinical Drug,S,309045,1970-01-01,2099-12-31,
715997,donepezil,Drug,RxNorm,Ingredient,S,135447,1970-01-01,2099-12-31,
19077344,ferrous sulfate 325 MG Oral Tablet,Drug,RxNorm,Clinical Drug,S,310325,1970-01-01,2099-12-31,
4218408,Collection of blood specimen for laboratory,Procedure,SNOMED,Procedure,S,82078001,1970-01-01,2099-12-31,
40220960,alteplase 100 MG Injection,Drug,RxNorm,Clinical Drug,S,1804799,2016-10-03,2099-12-31,
438614,Allergy to nut,Observation,SNOMED,Clinical Finding,S,91934008,1970-01-01,2099-12-31,
19075001,Cefuroxime 250 MG Oral Tablet,Drug,RxNorm,Clinical Drug,S,309097,1970-01-01,2099-12-31,
1322184,clopidogrel,Drug,RxNorm,Ingredient,S,32968,1970-01-01,2099-12-31,
19078924,Midazolam 1 MG/ML Injectable Solution,Drug,RxNorm,Clinical Drug,S,311700,1970-01-01,2099-12-31,
4170947,Bone immobilization,Procedure,SNOMED,Procedure,S,274474001,1970-01-01,2099-12-31,
43012036,Chlorpheniramine Maleate 4 MG Oral Tablet,Drug,RxNorm,Clinical Drug,S,1363309,2013-01-07,2099-12-31,
198809,Acute cholecystitis,Condition,SNOMED,Clinical Finding,S,65275009,1970-01-01,2099-12-31,
19073183,Amoxicillin 250 MG Oral Capsule,Drug,RxNorm,Clinical Drug,S,308182,1970-01-01,2099-12-31,
1367571,heparin,Drug,RxNorm,Ingredient,S,5224,1970-01-01,2099-12-31,
19076374,Diazepam 5 MG/ML Injectable Solution,Drug,RxNorm,Clinical Drug,S,309845,1970-01-01,2099-12-31,
4230209,Psychiatric follow-up,Procedure,SNOMED,Procedure,S,88848003,1970-01-01,2099-12-31,
1594382,NDA020800 0.3 ML Epinephrine 1 MG/ML Auto-Injector,Drug,RxNorm,Clinical Drug,S,1870230,2017-08-07,2099-12-31,
195588,Cystitis,Condition,SNOMED,Clinical Finding,S,38822007,1970-01-01,2099-12-31,
19073188,Amoxicillin 500 MG Oral Tablet,Drug,RxNorm,Clinical Drug,S,308192,1970-01-01,2099-12-31,
1500211,Medroxyprogesterone,Drug,RxNorm,Ingredient,S,6691,1970-01-01,2099-12-31,
19079524,Sodium Chloride 9 MG/ML Injectable Solution,Drug,RxNorm,Clinical Drug,S,313002,1970-01-01,2099-12-31,
4337138,Transplant of lung,Procedure,SNOMED,Procedure,S,88039007,1970-01-01,2099-12-31,
43012754,Levonorgestrel 0.00354 MG/HR Drug Implant,Drug,RxNorm,Clinical Drug,S,1366343,2013-02-04,2099-12-31,
378001,Concussion with no loss of consciousness,Condition,SNOMED,Clinical Finding,S,62106007,1970-01-01,2099-12-31,
19075601,clopidogrel 75 MG Oral Tablet,Drug,RxNorm,Clinical Drug,S,309362,1970-01-01,2099-12-31,
1309944,Amiodarone,Drug,RxNorm,Ingredient,S,703,1970-01-01,2099-12-31,
19077572,Galantamine 4 MG Oral Tablet,Drug,RxNorm,Clinical Drug,S,310436,1970-01-01,2099-12-31,
4337611,Single lung transplant,Procedure,SNOMED,Procedure,S,232657004,1970-01-01,2099-12-31,
40229134,Acetaminophen 21.7 MG/ML / Dextromethorphan Hydrobromide 1 MG/ML / doxylamine succinate 0.417 MG/ML Oral Solution,Drug,RxNorm,Clinical Drug,S,1043400,2010-12-05,2099-12-31,
378419,Alzheimer's disease,Condition,SNOMED,Clinical Finding,S,26929004,1970-01-01,2099-12-31,
19059056,Aspirin 81 MG Oral Tablet,Drug,RxNorm,Clinical Drug,S,243670,1970-01-01,2099-12-31,
1305058,Methotrexate,Drug,RxNorm,Ingredient,S,6851,1970-01-01,2099-12-31,
19029476,Dornase Alfa 1 MG/ML Inhalant Solution [Pulmozyme],Drug,RxNorm,Branded Drug,S,205532,1970-01-01,2099-12-31,
4168004,Burn injury,Observation,SNOMED,Morph Abnormality,S,48333001,1970-01-01,2099-12-31,
40236824,Phenazopyridine hydrochloride 100 MG Oral Tablet,Drug,RxNorm,Clinical Drug,S,1094107,2011-04-03,2099-12-31,
317009,Asthma,Condition,SNOMED,Clinical Finding,S,195967001,1970-01-01,2099-12-31,
19078461,Ibuprofen 200 MG Oral Tablet,Drug,RxNorm,Clinical Drug,S,310965,1970-01-01,2099-12-31,
1347450,alteplase,Drug,RxNorm,Ingredient,S,8410,1970-01-01,2099-12-31,
19045231,Pancreatin 600 MG Oral Tablet [Pancreatin 4X],Drug,RxNorm,Branded Drug,S,210856,1970-01-01,2099-12-31,
19016749,remifentanil,Drug,RxNorm,Ingredient,S,73032,1970-01-01,2099-12-31,
40236446,Methylphenidate Hydrochloride 20 MG Oral Tablet,Drug,RxNorm,Clinical Drug,S,1091392,2011-03-06,2099-12-31,
317576,Coronary arteriosclerosis,Condition,SNOMED,Clinical Finding,S,53741008,1970-01-01,2099-12-31,
4323902,Lung volume reduction surgery,Procedure,SNOMED,Procedure,S,429609002,2008-01-31,2099-12-31,
1310149,Warfarin,Drug,RxNorm,Ingredient,S,11289,1970-01-01,2099-12-31,
19074679,Carbamazepine 20 MG/ML Oral Suspension [Tegretol],Drug,RxNorm,Branded Drug,S,308971,1970-01-01,2099-12-31,
19003953,Rocuronium,Drug,RxNorm,Ingredient,S,68139,1970-01-01,2099-12-31,
1713671,Amoxicillin 250 MG / Clavulanate 125 MG Oral Tablet,Drug,RxNorm,Clinical Drug,S,562251,2005-09-11,2099-12-31,
258780,Emphysematous bronchitis,Condition,SNOMED,Clinical Finding,S,185086009,1970-01-01,2099-12-31,
4324181,History of cardiac arrest,Observation,SNOMED,Context-dependent,S,429007001,2008-01-31,2099-12-31,
1326303,Digoxin,Drug,RxNorm,Ingredient,S,3407,1970-01-01,2099-12-31,
1729720,Penicillin V,Drug,RxNorm,Ingredient,S,7984,1970-01-01,2099-12-31,
19006318,Penicillin G 375 MG/ML Injectable Solution,Drug,RxNorm,Clinical Drug,S,105078,1970-01-01,2099-12-31,
964261,Vitamin B 12 5 MG/ML Injectable Solution,Drug,RxNorm,Clinical Drug,S,2001499,2018-04-02,2099-12-31,
260139,Acute bronchitis,Condition,SNOMED,Clinical Finding,S,10509002,1970-01-01,2099-12-31,
40481087,Viral sinusitis,Condition,SNOMED,Clinical Finding,S,444814009,2010-07-31,2099-12-31,
1332418,Amlodipine,Drug,RxNorm,Ingredient,S,17767,1970-01-01,2099-12-31,
742185,atomoxetine,Drug,RxNorm,Ingredient,S,38400,1970-01-01,2099-12-31,
44816277,168 HR Ethinyl Estradiol 0.00146 MG/HR / norelgestromin 0.00625 MG/HR Transdermal System,Drug,RxNorm,Quant Clinical Drug,S,1534809,2014-05-05,2099-12-31,
40231925,Acetaminophen 325 MG / Oxycodone Hydrochloride 5 MG Oral Tablet,Drug,RxNorm,Clinical Drug,S,1049221,2011-01-02,2099-12-31,
133834,Atopic dermatitis,Condition,SNOMED,Clinical Finding,S,24079001,1970-01-01,2099-12-31,
3006906,Calcium serum/plasma serum/plasma,Measurement,LOINC,Lab Test,S,17861-6,1998-07-09,2099-12-31,
1361711,Nitroglycerin,Drug,RxNorm,Ingredient,S,4917,1970-01-01,2099-12-31,
1112807,Aspirin,Drug,RxNorm,Ingredient,S,1191,1970-01-01,2099-12-31,
35605482,2 ML Ondansetron 2 MG/ML Injection,Drug,RxNorm,Quant Clinical Drug,S,1740467,2016-05-02,2099-12-31,
1115171,Naproxen sodium 220 MG Oral Tablet,Drug,RxNorm,Clinical Drug,S,849574,2009-05-31,2099-12-31,
134438,Contact dermatitis,Condition,SNOMED,Clinical Finding,S,40275004,1970-01-01,2099-12-31,
3045716,Anion gap serum/plasma,Measurement,LOINC,Lab Test,S,33037-3,2002-11-06,2099-12-31,
372328,Otitis media,Condition,SNOMED,Clinical Finding,S,65363002,1970-01-01,2099-12-31,
967823,Sodium Chloride,Drug,RxNorm,Ingredient,S,9863,1970-01-01,2099-12-31,
35605858,1 ML Morphine Sulfate 5 MG/ML Injection,Drug,RxNorm,Quant Clinical Drug,S,1732136,2016-05-02,2099-12-31,
40163554,Warfarin Sodium 5 MG Oral Tablet,Drug,RxNorm,Clinical Drug,S,855332,2009-08-02,2099-12-31,
78272,Sprain of wrist,Condition,SNOMED,Clinical Finding,S,70704007,1970-01-01,2099-12-31,
3028833,Bilirubin.total [Mass/volume] in Blood,Measurement,LOINC,Lab Test,S,42719-5,2005-10-18,2099-12-31,
375671,Concussion with loss of consciousness,Condition,SNOMED,Clinical Finding,S,62564004,1970-01-01,2099-12-31,
1778162,Cefuroxime,Drug,RxNorm,Ingredient,S,2194,1970-01-01,2099-12-31,
40766240,Are you covered by health insurance or some other kind of health care plan [PhenX],Measurement,LOINC,Clinical Observation,S,63513-6,2011-02-17,2099-12-31,
40162522,Acetaminophen 325 MG / Hydrocodone Bitartrate 7.5 MG Oral Tablet,Drug,RxNorm,Clinical Drug,S,857005,2009-08-02,2099-12-31,
80809,Rheumatoid arthritis,Condition,SNOMED,Clinical Finding,S,69896004,1970-01-01,2099-12-31,
40232448,Diphenhydramine Hydrochloride 25 MG Oral Tablet,Drug,RxNorm,Clinical Drug,S,1049630,2011-01-02,2099-12-31,
313217,Atrial fibrillation,Condition,SNOMED,Clinical Finding,S,49436004,1970-01-01,2099-12-31,
1512674,drospirenone,Drug,RxNorm,Ingredient,S,11636,1970-01-01,2099-12-31,
46275444,Piperacillin 4000 MG / tazobactam 500 MG Injection,Drug,RxNorm,Clinical Drug,S,1659149,2015-09-08,2099-12-31,
1519937,Etonogestrel 68 MG Drug Implant,Drug,RxNorm,Clinical Drug,S,389221,1970-01-01,2099-12-31,
81151,Sprain of ankle,Condition,SNOMED,Clinical Finding,S,44465007,1970-01-01,2099-12-31,
782047,Isoflurane 999 MG/ML Inhalant Solution,Drug,RxNorm,Clinical Drug,S,542347,2005-09-11,2099-12-31,
321042,Cardiac arrest,Condition,SNOMED,Clinical Finding,S,410429000,1970-01-01,2099-12-31,
1177480,Ibuprofen,Drug,RxNorm,Ingredient,S,5640,1970-01-01,2099-12-31,
46275916,1 ML Epinephrine 1 MG/ML Injection,Drug,RxNorm,Quant Clinical Drug,S,1660014,2015-09-08,2099-12-31,
1551192,Prednisone 5 MG Oral Tablet,Drug,RxNorm,Clinical Drug,S,312617,1970-01-01,2099-12-31,
28060,Streptococcal sore throat,Condition,SNOMED,Clinical Finding,S,43878008,1970-01-01,2099-12-31,
4048171,Perennial allergic rhinitis with seasonal variation,Condition,SNOMED,Clinical Finding,S,232353008,1970-01-01,2099-12-31,
261325,Pulmonary emphysema,Condition,SNOMED,Clinical Finding,S,87433001,1970-01-01,2099-12-31,
1192710,Chlorpheniramine,Drug,RxNorm,Ingredient,S,2400,1970-01-01,2099-12-31,
1396131,ferrous sulfate,Drug,RxNorm,Ingredient,S,24947,1970-01-01,2099-12-31,
1539411,Simvastatin 20 MG Oral Tablet,Drug,RxNorm,Clinical Drug,S,312961,1970-01-01,2099-12-31,
30753,Esophagitis,Condition,SNOMED,Clinical Finding,S,16761005,1970-01-01,2099-12-31,
4035415,Tear of meniscus of knee,Condition,SNOMED,Clinical Finding,S,239720000,1970-01-01,2099-12-31,
441267,Cystic fibrosis,Condition,SNOMED,Clinical Finding,S,190905008,1970-01-01,2099-12-31,
1343916,Epinephrine,Drug,RxNorm,Ingredient,S,3992,1970-01-01,2099-12-31,
1307863,Verapamil,Drug,RxNorm,Ingredient,S,11170,1970-01-01,2099-12-31,
1545959,atorvastatin 80 MG Oral Tablet,Drug,RxNorm,Clinical Drug,S,259255,1970-01-01,2099-12-31,
196456,Gallstone,Condition,SNOMED,Clinical Finding,S,235919008,1970-01-01,2099-12-31,
4112343,Acute viral pharyngitis,Condition,SNOMED,Clinical Finding,S,195662009,1970-01-01,2099-12-31,
439777,Anemia,Condition,SNOMED,Clinical Finding,S,271737000,1970-01-01,2099-12-31,
19039298,sevoflurane,Drug,RxNorm,Ingredient,S,36453,1970-01-01,2099-12-31,
1308738,Vitamin B 12,Drug,RxNorm,Ingredient,S,11248,1970-01-01,2099-12-31,
1150771,Astemizole 10 MG Oral Tablet,Drug,RxNorm,Clinical Drug,S,197378,1970-01-01,2099-12-31,
80180,Osteoarthritis,Condition,SNOMED,Clinical Finding,S,396275006,1970-01-01,2099-12-31,
914335,Atropine,Drug,RxNorm,Ingredient,S,1223,1970-01-01,2099-12-31,
380378,Epilepsy,Condition,SNOMED,Clinical Finding,S,84757009,1970-01-01,2099-12-31,
19059528,Alfentanil,Drug,RxNorm,Ingredient,S,480,1970-01-01,2099-12-31,
1501700,levothyroxine,Drug,RxNorm,Ingredient,S,10582,1970-01-01,2099-12-31,
1150837,Terfenadine 60 MG Oral Tablet,Drug,RxNorm,Clinical Drug,S,141918,1970-01-01,2099-12-31,
80502,Osteoporosis,Condition,SNOMED,Clinical Finding,S,64859006,1970-01-01,2099-12-31,
836654,Tacrine,Drug,RxNorm,Ingredient,S,10318,1970-01-01,2099-12-31,
381316,Cerebrovascular accident,Condition,SNOMED,Clinical Finding,S,230690007,1970-01-01,2099-12-31,
40479422,Injury of medial collateral ligament of knee,Condition,SNOMED,Clinical Finding,S,444448004,2010-01-31,2099-12-31,
1503184,Mestranol,Drug,RxNorm,Ingredient,S,6782,1970-01-01,2099-12-31,
1107882,Loratadine 10 MG Oral Tablet,Drug,RxNorm,Clinical Drug,S,311372,1970-01-01,2099-12-31,
81893,Ulcerative colitis,Condition,SNOMED,Clinical Finding,S,64766004,1970-01-01,2099-12-31,
836659,Tacrine 10 MG Oral Capsule,Drug,RxNorm,Clinical Drug,S,313185,1970-01-01,2099-12-31,
433125,Infection due to Staphylococcus aureus,Condition,SNOMED,Clinical Finding,S,406602003,1970-01-01,2099-12-31,
40479768,Injury of anterior cruciate ligament,Condition,SNOMED,Clinical Finding,S,444470001,2010-01-31,2099-12-31,
40480160,Pathological fracture due to osteoporosis,Condition,SNOMED,Clinical Finding,S,443165006,2010-01-31,2099-12-31,
1595799,Ferrous fumarate,Drug,RxNorm,Ingredient,S,24941,1970-01-01,2099-12-31,
198199,Pyelonephritis,Condition,SNOMED,Clinical Finding,S,45816000,1970-01-01,2099-12-31,
3000963,Hemoglobin,Measurement,LOINC,Lab Test,S,718-7,1970-01-01,2099-12-31,
440086,Child attention deficit disorder,Condition,SNOMED,Clinical Finding,S,192127007,1970-01-01,2099-12-31,
40478878,Cystic fibrosis 20 common mutation test,Measurement,SNOMED,Procedure,S,444260001,2010-01-31,2099-12-31,
4202451,Percutaneous mechanical thrombectomy of portal vein using fluoroscopic guidance,Procedure,SNOMED,Procedure,S,433112001,2009-01-31,2099-12-31,
1717327,Ampicillin,Drug,RxNorm,Ingredient,S,733,1970-01-01,2099-12-31,
255848,Pneumonia,Condition,SNOMED,Clinical Finding,S,233604007,1970-01-01,2099-12-31,
3001488,Cow milk IgE Ab [Units/volume] in Serum,Measurement,LOINC,Lab Test,S,7258-7,1970-01-01,2099-12-31,
440448,Appendicitis,Condition,SNOMED,Clinical Finding,S,74400008,1970-01-01,2099-12-31,
3006322,Oral temperature,Measurement,LOINC,Clinical Observation,S,8331-1,1996-09-06,2099-12-31,
19089061,Prednisone 2.5 MG [Deltasone],Drug,RxNorm,Branded Drug Comp,S,567645,2005-09-11,2099-12-31,
1738521,Doxycycline,Drug,RxNorm,Ingredient,S,3640,1970-01-01,2099-12-31,
257012,Chronic sinusitis,Condition,SNOMED,Clinical Finding,S,40055000,1970-01-01,2099-12-31,
3019550,Sodium serum/plasma,Measurement,LOINC,Lab Test,S,2951-2,1970-01-01,2099-12-31,
4001336,Concussion injury of brain,Condition,SNOMED,Clinical Finding,S,110030002,1970-01-01,2099-12-31,
4125906,Suture open wound,Procedure,SNOMED,Procedure,S,288086009,1970-01-01,2099-12-31,
19115351,Diazepam 5 MG [Valium],Drug,RxNorm,Branded Drug Comp,S,563026,2005-09-11,2099-12-31,
975125,Hydrocortisone,Drug,RxNorm,Ingredient,S,5492,1970-01-01,2099-12-31,
192671,Gastrointestinal hemorrhage,Condition,SNOMED,Clinical Finding,S,74474003,1970-01-01,2099-12-31,
3015632,Carbon dioxide serum/plasma,Measurement,LOINC,Lab Test,S,2028-9,1970-01-01,2099-12-31,
4029498,Seizure disorder,Condition,SNOMED,Clinical Finding,S,128613002,1970-01-01,2099-12-31,
4132546,Traumatic brain injury,Condition,SNOMED,Clinical Finding,S,127295002,1970-01-01,2099-12-31,
19128263,{7 (Ethinyl Estradiol 0.035 MG / norgestimate 0.18 MG Oral Tablet) / 7 (Ethinyl Estradiol 0.035 MG / norgestimate 0.215 MG Oral Tablet) / 7 (Ethinyl Estradiol 0.035 MG / norgestimate 0.25 MG Oral Tablet) / 7 (Inert Ingredients 1 MG Oral Tablet) } Pack [Tr,Drug,RxNorm,Branded Pack,S,751905,2008-01-27,2099-12-31,
1000560,Ondansetron,Drug,RxNorm,Ingredient,S,26225,1970-01-01,2099-12-31,
140673,Hypothyroidism,Condition,SNOMED,Clinical Finding,S,40930008,1970-01-01,2099-12-31,
3015076,Soybean IgE Ab [Units/volume] in Serum,Measurement,LOINC,Lab Test,S,6248-9,1970-01-01,2099-12-31,
4027663,Peptic ulcer,Condition,SNOMED,Clinical Finding,S,13200003,1970-01-01,2099-12-31,
4174876,Allergy to bee venom,Observation,SNOMED,Clinical Finding,S,424213003,1970-01-01,2099-12-31,
19127904,{24 (drospirenone 3 MG / Ethinyl Estradiol 0.02 MG Oral Tablet) / 4 (Inert Ingredients 1 MG Oral Tablet) } Pack [Yaz 28 Day],Drug,RxNorm,Branded Pack,S,748856,2007-12-30,2099-12-31,
1741122,tazobactam,Drug,RxNorm,Ingredient,S,37617,1970-01-01,2099-12-31,
4066995,Fracture of vertebral column with spinal cord injury,Condition,SNOMED,Clinical Finding,S,1734006,1970-01-01,2099-12-31,
3016723,Creatinine serum/plasma,Measurement,LOINC,Lab Test,S,2160-0,1970-01-01,2099-12-31,
4043241,Familial Alzheimer's disease of early onset,Condition,SNOMED,Clinical Finding,S,230265002,1970-01-01,2099-12-31,
4139681,Allergy to dairy product,Observation,SNOMED,Clinical Finding,S,425525006,1970-01-01,2099-12-31,
19127918,{21 (Ethinyl Estradiol 0.03 MG / Levonorgestrel 0.15 MG Oral Tablet) / 7 (Inert Ingredients 1 MG Oral Tablet) } Pack [Levora 0.15/30 28 Day],Drug,RxNorm,Branded Pack,S,748879,2007-12-30,2099-12-31,
1759842,Clavulanate,Drug,RxNorm,Ingredient,S,48203,1970-01-01,2099-12-31,
4059173,Fracture of ankle,Condition,SNOMED,Clinical Finding,S,16114001,1970-01-01,2099-12-31,
3021226,Shrimp IgE Ab [Units/volume] in Serum,Measurement,LOINC,Lab Test,S,6246-3,1970-01-01,2099-12-31,
4084167,Acute allergic reaction,Condition,SNOMED,Clinical Finding,S,241929008,1970-01-01,2099-12-31,
19018935,Digoxin 0.125 MG Oral Tablet,Drug,RxNorm,Clinical Drug,S,197604,1970-01-01,2099-12-31,
19127922,{28 (Norethindrone 0.35 MG Oral Tablet) } Pack [Camila 28 Day],Drug,RxNorm,Branded Pack,S,748962,2007-12-30,2099-12-31,
1713332,Amoxicillin,Drug,RxNorm,Ingredient,S,723,1970-01-01,2099-12-31,
4056621,Recurrent urinary tract infection,Condition,SNOMED,Clinical Finding,S,197927001,1970-01-01,2099-12-31,
3019406,Latex IgE Ab [Units/volume] in Serum,Measurement,LOINC,Lab Test,S,6158-0,1970-01-01,2099-12-31,
4134304,Fracture subluxation of wrist,Condition,SNOMED,Clinical Finding,S,263102004,1970-01-01,2099-12-31,
19023398,sevoflurane 1000 MG/ML Inhalant Solution,Drug,RxNorm,Clinical Drug,S,200243,1970-01-01,2099-12-31,
19128009,{7 (Ethinyl Estradiol 0.01 MG Oral Tablet) / 84 (Ethinyl Estradiol 0.03 MG / Levonorgestrel 0.15 MG Oral Tablet) } Pack [Seasonique],Drug,RxNorm,Branded Pack,S,749762,2007-12-30,2099-12-31,
1746114,Piperacillin,Drug,RxNorm,Ingredient,S,8339,1970-01-01,2099-12-31,
4299128,Third degree burn,Condition,SNOMED,Clinical Finding,S,403192003,1970-01-01,2099-12-31,
3014576,Chloride serum/plasma,Measurement,LOINC,Lab Test,S,2075-0,1970-01-01,2099-12-31,
4015189,Microbial culture of sputum,Measurement,SNOMED,Procedure,S,104173009,1970-01-01,2099-12-31,
19023423,desflurane 990 MG/ML Inhalant Solution,Drug,RxNorm,Clinical Drug,S,200252,1970-01-01,2099-12-31,
19128022,{7 (Ethinyl Estradiol 0.035 MG / norgestimate 0.18 MG Oral Tablet) / 7 (Ethinyl Estradiol 0.035 MG / norgestimate 0.215 MG Oral Tablet) / 7 (Ethinyl Estradiol 0.035 MG / norgestimate 0.25 MG Oral Tablet) / 7 (Inert Ingredients 1 MG Oral Tablet) } Pack [Or,Drug,RxNorm,Branded Pack,S,749785,2007-12-30,2099-12-31,
1768849,Cefaclor,Drug,RxNorm,Ingredient,S,2176,1970-01-01,2099-12-31,
4329847,Myocardial infarction,Condition,SNOMED,Clinical Finding,S,22298006,1970-01-01,2099-12-31,
3013721,Aspartate aminotransferase serum/plasma,Measurement,LOINC,Lab Test,S,1920-8,1970-01-01,2099-12-31,
4010253,Nasal sinus endoscopy,Procedure,SNOMED,Procedure,S,112790001,1970-01-01,2099-12-31,
19008572,Hydrocortisone 10 MG/ML Topical Cream,Drug,RxNorm,Clinical Drug,S,106258,1970-01-01,2099-12-31,
19127890,Inert Ingredients,Drug,RxNorm,Ingredient,S,748794,2007-12-30,2099-12-31,
1174888,Hydrocodone,Drug,RxNorm,Ingredient,S,5489,1970-01-01,2099-12-31,
439406,Allergy to animal dander,Observation,SNOMED,Clinical Finding,S,232347008,1970-01-01,2099-12-31,
3000876,Codfish IgE Ab [Units/volume] in Serum,Measurement,LOINC,Lab Test,S,6082-2,1970-01-01,2099-12-31,
4035793,Pulmonary rehabilitation,Procedure,SNOMED,Procedure,S,15081005,1970-01-01,2099-12-31,
19002770,desflurane,Drug,RxNorm,Ingredient,S,27340,1970-01-01,2099-12-31,
19123231,atomoxetine 100 MG Oral Capsule,Drug,RxNorm,Clinical Drug,S,608139,2006-02-26,2099-12-31,
1515774,norgestimate,Drug,RxNorm,Ingredient,S,31994,1970-01-01,2099-12-31,
443279,Attempted suicide - cut/stab,Observation,SNOMED,Clinical Finding,S,287185009,1970-01-01,2099-12-31,
3051031,History of Hospitalizations+Outpatient visits Narrative,Measurement,LOINC,Clinical Observation,S,46240-8,1970-01-01,2099-12-31,
4186930,Replacement of intrauterine contraceptive device,Procedure,SNOMED,Procedure,S,46706006,1970-01-01,2099-12-31,
19132304,Levonorgestrel 0.000833 MG/HR Intrauterine System [Mirena],Drug,RxNorm,Branded Drug,S,807283,2008-09-28,2099-12-31,
44782520,Chronic paralysis due to lesion of spinal cord,Condition,SNOMED,Clinical Finding,S,698754002,2014-01-31,2099-12-31,
1518198,norelgestromin,Drug,RxNorm,Ingredient,S,326374,1970-01-01,2099-12-31,
4102123,Latex allergy,Observation,SNOMED,Clinical Finding,S,300916003,1970-01-01,2099-12-31,
4326177,Medication Reconciliation,Procedure,SNOMED,Procedure,S,430193006,2009-01-31,2099-12-31,
4191853,Allergy screening test,Procedure,SNOMED,Procedure,S,395142003,1970-01-01,2099-12-31,
19134077,"cyclosporine, modified 100 MG [Neoral]",Drug,RxNorm,Branded Drug Comp,S,835900,2009-04-05,2099-12-31,
40758406,HIV status,Measurement,LOINC,Clinical Observation,S,55277-8,2009-03-26,2099-12-31,
1519936,Etonogestrel,Drug,RxNorm,Ingredient,S,14584,1970-01-01,2099-12-31,
4302207,Allergy to grass pollen,Observation,SNOMED,Clinical Finding,S,418689008,1970-01-01,2099-12-31,
4323208,History of appendectomy,Observation,SNOMED,Context-dependent,S,428251008,2008-01-31,2099-12-31,
4181917,Electroencephalogram,Procedure,SNOMED,Procedure,S,54550000,1970-01-01,2099-12-31,
19128065,{7 (Inert Ingredients 1 MG Oral Tablet) / 21 (Mestranol 0.05 MG / Norethindrone 1 MG Oral Tablet) } Pack [Norinyl 1+50 28 Day],Drug,RxNorm,Branded Pack,S,749882,2007-12-30,2099-12-31,
46235214,Sexual orientation,Measurement,LOINC,Clinical Observation,S,76690-7,2015-03-13,2099-12-31,
1521369,Norethindrone,Drug,RxNorm,Ingredient,S,7514,1970-01-01,2099-12-31,
4024958,Throat culture,Measurement,SNOMED,Procedure,S,117015009,1970-01-01,2099-12-31,
40492359,Insertion of biventricular implantable cardioverter defibrillator,Procedure,SNOMED,Procedure,S,447365002,2011-01-31,2099-12-31,
4187458,Review of systems,Procedure,SNOMED,Procedure,S,415300000,1970-01-01,2099-12-31,
19129144,{28 (Norethindrone 0.35 MG Oral Tablet) } Pack [Jolivette 28 Day],Drug,RxNorm,Branded Pack,S,757594,2008-03-02,2099-12-31,
37017711,Allergy to soy,Observation,SNOMED,Clinical Finding,S,714035009,2016-01-31,2099-12-31,
1551099,Prednisone,Drug,RxNorm,Ingredient,S,8640,1970-01-01,2099-12-31,
4024289,Radiography of ankle,Procedure,SNOMED,Procedure,S,19490002,1970-01-01,2099-12-31,
40169281,60 ACTUAT Fluticasone propionate 0.25 MG/ACTUAT / salmeterol 0.05 MG/ACTUAT Dry Powder Inhaler,Drug,RxNorm,Quant Clinical Drug,S,896209,2010-01-31,2099-12-31,
4145310,Pelvis X-ray,Procedure,SNOMED,Procedure,S,268425006,1970-01-01,2099-12-31,
19133768,Acetaminophen 750 MG / Hydrocodone Bitartrate 7.5 MG Oral Tablet,Drug,RxNorm,Clinical Drug,S,833036,2009-03-01,2099-12-31,
46233710,Doxycycline Monohydrate 100 MG Oral Tablet,Drug,RxNorm,Clinical Drug,S,1650142,2015-07-06,2099-12-31,
1539403,Simvastatin,Drug,RxNorm,Ingredient,S,36567,1970-01-01,2099-12-31,
4057420,Catheter ablation of tissue of heart,Procedure,SNOMED,Procedure,S,18286008,1970-01-01,2099-12-31,
40228214,cetirizine hydrochloride 10 MG Oral Tablet,Drug,RxNorm,Clinical Drug,S,1014678,2010-10-31,2099-12-31,
4197460,Injection of epinephrine,Procedure,SNOMED,Procedure,S,313191000,1970-01-01,2099-12-31,
19133873,Penicillin V Potassium 250 MG Oral Tablet,Drug,RxNorm,Clinical Drug,S,834061,2009-03-01,2099-12-31,
46233988,Doxycycline Monohydrate 50 MG Oral Tablet,Drug,RxNorm,Clinical Drug,S,1652673,2015-07-06,2099-12-31,
1545958,atorvastatin,Drug,RxNorm,Ingredient,S,83367,1970-01-01,2099-12-31,
4059978,Insertion of subcutaneous contraceptive,Procedure,SNOMED,Procedure,S,169553002,1970-01-01,2099-12-31,
40228230,cetirizine hydrochloride 5 MG Oral Tablet,Drug,RxNorm,Clinical Drug,S,1014676,2010-10-31,2099-12-31,
4195803,Bone density scan,Procedure,SNOMED,Procedure,S,312681000,1970-01-01,2099-12-31,
19133905,Penicillin V Potassium 500 MG Oral Tablet,Drug,RxNorm,Clinical Drug,S,834102,2009-03-01,2099-12-31,
44783196,Surgical manipulation of joint of knee,Procedure,SNOMED,Procedure,S,699253003,2014-01-31,2099-12-31,
1548195,Estradiol,Drug,RxNorm,Ingredient,S,4083,1970-01-01,2099-12-31,
4062501,Asthma screening,Procedure,SNOMED,Procedure,S,171231001,1970-01-01,2099-12-31,
40165015,Meperidine Hydrochloride 50 MG Oral Tablet,Drug,RxNorm,Clinical Drug,S,861467,2009-09-06,2099-12-31,
4330583,Vasectomy,Procedure,SNOMED,Procedure,S,22523008,1970-01-01,2099-12-31,
19125062,Loratadine 5 MG Chewable Tablet,Drug,RxNorm,Clinical Drug,S,665078,2006-12-17,2099-12-31,
1549786,Ethinyl Estradiol,Drug,RxNorm,Ingredient,S,4124,1970-01-01,2099-12-31,
4058899,Plain X-ray of clavicle,Procedure,SNOMED,Procedure,S,168594001,1970-01-01,2099-12-31,
4163874,History of myocardial infarction,Observation,SNOMED,Context-dependent,S,399211009,1970-01-01,2099-12-31,
3049273,DXA Radius and Ulna [T-score] Bone density,Measurement,LOINC,Clinical Observation,S,38265-5,1970-01-01,2099-12-31,
19126352,Nitroglycerin 0.4 MG/ACTUAT Mucosal Spray,Drug,RxNorm,Clinical Drug,S,705129,2007-05-27,2099-12-31,
8507,MALE,Gender,Gender,Gender,S,M,1970-01-01,2099-12-31,
8532,FEMALE,Gender,Gender,Gender,S,F,1970-01-01,2099-12-31,
